/*
SQLyog Ultimate v11.11 (64 bit)
MySQL - 5.6.20 : Database - db_apriori
*********************************************************************
*/

/*!40101 SET NAMES utf8 */;

/*!40101 SET SQL_MODE=''*/;

/*!40014 SET @OLD_UNIQUE_CHECKS=@@UNIQUE_CHECKS, UNIQUE_CHECKS=0 */;
/*!40014 SET @OLD_FOREIGN_KEY_CHECKS=@@FOREIGN_KEY_CHECKS, FOREIGN_KEY_CHECKS=0 */;
/*!40101 SET @OLD_SQL_MODE=@@SQL_MODE, SQL_MODE='NO_AUTO_VALUE_ON_ZERO' */;
/*!40111 SET @OLD_SQL_NOTES=@@SQL_NOTES, SQL_NOTES=0 */;
CREATE DATABASE /*!32312 IF NOT EXISTS*/`db_apriori` /*!40100 DEFAULT CHARACTER SET latin1 */;

USE `db_apriori`;

/*Table structure for table `barang` */

DROP TABLE IF EXISTS `barang`;

CREATE TABLE `barang` (
  `KODE_ITEM` varchar(15) NOT NULL DEFAULT '',
  `NAMA_ITEM` varchar(30) NOT NULL DEFAULT '',
  `STOK` int(11) DEFAULT NULL,
  `HARGA_BELI` int(11) DEFAULT NULL,
  `HARGA_JUAL` int(11) DEFAULT NULL,
  PRIMARY KEY (`KODE_ITEM`)
) ENGINE=InnoDB DEFAULT CHARSET=latin1;

/*Data for the table `barang` */

insert  into `barang`(`KODE_ITEM`,`NAMA_ITEM`,`STOK`,`HARGA_BELI`,`HARGA_JUAL`) values ('110101521454480','Teh',5,500,800),('110101521454485','Susu',4,6000,7000),('110101521456574','Roti',5,600,1000),('110101521456589','Gula',4,5500,6000),('110101521456666','Kopi',5,1500,2000);

/*Table structure for table `penjualan` */

DROP TABLE IF EXISTS `penjualan`;

CREATE TABLE `penjualan` (
  `NO_NOTA` varchar(10) NOT NULL DEFAULT '',
  `TOTAL` int(11) DEFAULT NULL,
  `DISC` int(11) DEFAULT NULL,
  `TOTAL_ALL` int(11) DEFAULT NULL,
  `TGL_ORDER` date DEFAULT NULL,
  `KET` tinyint(3) DEFAULT NULL,
  `KODE_PEL` varchar(5) DEFAULT NULL,
  `nama` varchar(35) DEFAULT NULL,
  `TGL_BAYAR` date DEFAULT NULL,
  PRIMARY KEY (`NO_NOTA`),
  KEY `KODE_PEL` (`KODE_PEL`),
  CONSTRAINT `penjualan_ibfk_1` FOREIGN KEY (`KODE_PEL`) REFERENCES `pelanggan` (`KODE_PEL`) ON UPDATE CASCADE
) ENGINE=InnoDB DEFAULT CHARSET=latin1;

/*Data for the table `penjualan` */

insert  into `penjualan`(`NO_NOTA`,`TOTAL`,`DISC`,`TOTAL_ALL`,`TGL_ORDER`,`KET`,`KODE_PEL`,`nama`,`TGL_BAYAR`) values ('10041',13800,0,13800,'2010-07-02',0,'-','-','2010-07-02'),('10042',7800,0,7800,'2010-07-02',0,'-','-','2010-07-02'),('10043',6800,0,6800,'2010-07-02',0,'-','-','2010-07-02'),('10044',8000,0,8000,'2010-07-02',0,'-','-','2010-07-02'),('10045',14000,0,14000,'2010-07-02',0,'-','-','2010-07-02'),('10046',6800,0,6800,'2010-07-02',0,'-','-','2010-07-02'),('10047',15000,0,15000,'2010-07-02',0,'-','-','2010-07-02'),('10048',15000,0,15000,'2010-07-02',0,'-','-','2010-07-02'),('10049',10000,0,10000,'2010-07-02',0,'-','-','2010-07-02'),('10050',8800,0,8800,'2010-07-02',0,'-','-','2010-07-02');

/*Table structure for table `penjualan_det` */

DROP TABLE IF EXISTS `penjualan_det`;

CREATE TABLE `penjualan_det` (
  `NO_NOTA` varchar(18) NOT NULL DEFAULT '',
  `KODE_ITEM` varchar(15) NOT NULL DEFAULT '',
  `NAMA_ITEM` varchar(50) NOT NULL DEFAULT '',
  `BNY` varchar(11) DEFAULT NULL,
  KEY `NO_NOTA` (`NO_NOTA`)
) ENGINE=InnoDB DEFAULT CHARSET=latin1;

/*Data for the table `penjualan_det` */

/*Table structure for table `penjualan_det_copy` */

DROP TABLE IF EXISTS `penjualan_det_copy`;

CREATE TABLE `penjualan_det_copy` (
  `NO_NOTA` varchar(10) NOT NULL DEFAULT '',
  `KODE_ITEM` varchar(15) NOT NULL DEFAULT '',
  `NAMA_ITEM` varchar(30) NOT NULL DEFAULT '',
  `HARGA_JUAL` int(11) DEFAULT NULL,
  `BNY` int(11) DEFAULT NULL,
  `total` int(11) DEFAULT NULL,
  KEY `NO_NOTA` (`NO_NOTA`)
) ENGINE=InnoDB DEFAULT CHARSET=latin1;

/*Data for the table `penjualan_det_copy` */

insert  into `penjualan_det_copy`(`NO_NOTA`,`KODE_ITEM`,`NAMA_ITEM`,`HARGA_JUAL`,`BNY`,`total`) values ('10041','110101521454485','Susu',7000,1,7000),('10041','110101521454480','Teh',800,1,800),('10041','110101521456589','Gula',6000,1,6000),('10042','110101521454480','Teh',800,1,800),('10042','110101521456589','Gula',6000,1,6000),('10042','110101521456574','Roti',1000,1,1000),('10043','110101521454480','Teh',800,1,800),('10043','110101521456589','Gula',6000,1,6000),('10044','110101521454485','Susu',7000,1,7000),('10044','110101521456574','Roti',1000,1,1000),('10045','110101521454485','Susu',7000,1,7000),('10045','110101521456589','Gula',6000,1,6000),('10045','110101521456574','Roti',1000,1,1000),('10046','110101521454480','Teh',800,1,800),('10046','110101521456589','Gula',6000,1,6000),('10047','110101521456589','Gula',6000,1,6000),('10047','110101521456666','Kopi',2000,1,2000),('10047','110101521454485','Susu',7000,1,7000),('10048','110101521456589','Gula',6000,1,6000),('10048','110101521456666','Kopi',2000,1,2000),('10048','110101521454485','Susu',7000,1,7000),('10049','110101521454485','Susu',7000,1,7000),('10049','110101521456574','Roti',1000,1,1000),('10049','110101521456666','Kopi',2000,1,2000),('10050','110101521456589','Gula',6000,1,6000),('10050','110101521454480','Teh',800,1,800),('10050','110101521456666','Kopi',2000,1,2000),('10051','110101521454480','Teh',800,1,800),('10052','110101521454485','Susu',7000,1,7000),('10053','110101521454485','Susu',7000,1,7000),('10053','110101521454480','Teh',800,1,800),('10054','110101521456589','Gula',6000,1,6000),('10054','110101521454485','Susu',7000,1,7000);

/*Table structure for table `tbl_analisis` */

DROP TABLE IF EXISTS `tbl_analisis`;

CREATE TABLE `tbl_analisis` (
  `waktu` varchar(20) DEFAULT NULL,
  `kode_barang` varchar(100) DEFAULT NULL,
  `nama_barang` varchar(100) DEFAULT NULL,
  `qty` varchar(5) DEFAULT NULL
) ENGINE=InnoDB DEFAULT CHARSET=latin1;

/*Data for the table `tbl_analisis` */

/*Table structure for table `tbl_hasil` */

DROP TABLE IF EXISTS `tbl_hasil`;

CREATE TABLE `tbl_hasil` (
  `barang` varchar(200) DEFAULT NULL,
  `supp` varchar(8) DEFAULT NULL,
  `conf` varchar(8) DEFAULT NULL
) ENGINE=InnoDB DEFAULT CHARSET=latin1;

/*Data for the table `tbl_hasil` */

insert  into `tbl_hasil`(`barang`,`supp`,`conf`) values ('POP MIE AYAM BAWANG CUP 57 GR_PAB; CAMILAN KACANG TELOR SYEBRINA','28.57','9.52'),('CAMILAN KACANG TELOR SYEBRINA,POP MIE AYAM BAWANG CUP 57 GR_PAB','28.57','11.76'),('POP MIE AYAM BAWANG CUP 57 GR_PAB; DINGIN SOSRO FRUITY 318ML','28.57','9.52'),('DINGIN SOSRO FRUITY 318ML,POP MIE AYAM BAWANG CUP 57 GR_PAB','28.57','12.5'),('POP MIE AYAM BAWANG CUP 57 GR_PAB; POP MIE AYAM BAWANG CUP 57 GR_PAB','128.57','42.86'),('POP MIE AYAM BAWANG CUP 57 GR_PAB,POP MIE AYAM BAWANG CUP 57 GR_PAB','128.57','42.86'),('DINGIN SOSRO FRUITY 318ML,POP MIE AYAM BAWANG CUP 57 GR_PAB','14.29','8.33'),('POP MIE AYAM BAWANG CUP 57 GR_PAB; POP MIE AYAM BAWANG CUP 57 GR_PAB','71.43','23.81'),('POP MIE AYAM BAWANG CUP 57 GR_PAB,POP MIE AYAM BAWANG CUP 57 GR_PAB','71.43','31.25'),('LAYS AYAM PANGGANG PAPRIKA 40 GR,POP MIE AYAM BAWANG CUP 57 GR_PAB','14.29','6.67'),('CAMILAN KACANG TELOR SYEBRINA; POP MIE AYAM BAWANG CUP 57 GR_PAB','28.57','11.76'),('POP MIE AYAM BAWANG CUP 57 GR_PAB,CAMILAN KACANG TELOR SYEBRINA','28.57','9.52'),('CAMILAN KACANG TELOR SYEBRINA; DINGIN SOSRO FRUITY 318ML','28.57','11.76'),('DINGIN SOSRO FRUITY 318ML,CAMILAN KACANG TELOR SYEBRINA','28.57','16.67'),('CAMILAN KACANG TELOR SYEBRINA; POP MIE AYAM BAWANG CUP 57 GR_PAB','28.57','11.76'),('POP MIE AYAM BAWANG CUP 57 GR_PAB,CAMILAN KACANG TELOR SYEBRINA','28.57','12.5'),('CAMILAN KACANG TELOR SYEBRINA; LAYS AYAM PANGGANG PAPRIKA 40 GR','14.29','5.88'),('LAYS AYAM PANGGANG PAPRIKA 40 GR,CAMILAN KACANG TELOR SYEBRINA','14.29','6.67'),('DINGIN SOSRO FRUITY 318ML; POP MIE AYAM BAWANG CUP 57 GR_PAB','14.29','6.25'),('DINGIN SOSRO FRUITY 318ML; DINGIN SOSRO FRUITY 318ML','85.71','37.5'),('DINGIN SOSRO FRUITY 318ML,DINGIN SOSRO FRUITY 318ML','85.71','50'),('DINGIN SOSRO FRUITY 318ML; POP MIE AYAM BAWANG CUP 57 GR_PAB','28.57','12.5'),('POP MIE AYAM BAWANG CUP 57 GR_PAB,DINGIN SOSRO FRUITY 318ML','28.57','12.5'),('DINGIN SOSRO FRUITY 318ML; LAYS AYAM PANGGANG PAPRIKA 40 GR','42.86','18.75'),('LAYS AYAM PANGGANG PAPRIKA 40 GR,DINGIN SOSRO FRUITY 318ML','42.86','20'),('POP MIE AYAM BAWANG CUP 57 GR_PAB; POP MIE AYAM BAWANG CUP 57 GR_PAB','71.43','23.81'),('POP MIE AYAM BAWANG CUP 57 GR_PAB,POP MIE AYAM BAWANG CUP 57 GR_PAB','71.43','31.25'),('LAYS AYAM PANGGANG PAPRIKA 40 GR,POP MIE AYAM BAWANG CUP 57 GR_PAB','14.29','6.67'),('DINGIN SOSRO FRUITY 318ML; POP MIE AYAM BAWANG CUP 57 GR_PAB','42.86','25'),('POP MIE AYAM BAWANG CUP 57 GR_PAB,DINGIN SOSRO FRUITY 318ML','42.86','18.75'),('DINGIN SOSRO FRUITY 318ML; LAYS AYAM PANGGANG PAPRIKA 40 GR','28.57','16.67'),('LAYS AYAM PANGGANG PAPRIKA 40 GR,DINGIN SOSRO FRUITY 318ML','28.57','13.33'),('POP MIE AYAM BAWANG CUP 57 GR_PAB; LAYS AYAM PANGGANG PAPRIKA 40 GR','57.14','25'),('LAYS AYAM PANGGANG PAPRIKA 40 GR,POP MIE AYAM BAWANG CUP 57 GR_PAB','57.14','26.67'),('POP MIE AYAM BAWANG CUP 57 GR_PAB,CAMILAN KACANG TELOR SYEBRINA,POP MIE AYAM BAWANG CUP 57 GR_PAB','28.57','100'),('POP MIE AYAM BAWANG CUP 57 GR_PAB,POP MIE AYAM BAWANG CUP 57 GR_PAB,CAMILAN KACANG TELOR SYEBRINA','28.57','22.22'),('CAMILAN KACANG TELOR SYEBRINA,POP MIE AYAM BAWANG CUP 57 GR_PAB,POP MIE AYAM BAWANG CUP 57 GR_PAB','28.57','100'),('POP MIE AYAM BAWANG CUP 57 GR_PAB,DINGIN SOSRO FRUITY 318ML,POP MIE AYAM BAWANG CUP 57 GR_PAB','14.29','50'),('POP MIE AYAM BAWANG CUP 57 GR_PAB,POP MIE AYAM BAWANG CUP 57 GR_PAB,DINGIN SOSRO FRUITY 318ML','14.29','11.11'),('DINGIN SOSRO FRUITY 318ML,POP MIE AYAM BAWANG CUP 57 GR_PAB,POP MIE AYAM BAWANG CUP 57 GR_PAB','14.29','100'),('POP MIE AYAM BAWANG CUP 57 GR_PAB,DINGIN SOSRO FRUITY 318ML,DINGIN SOSRO FRUITY 318ML','14.29','50'),('POP MIE AYAM BAWANG CUP 57 GR_PAB,DINGIN SOSRO FRUITY 318ML,DINGIN SOSRO FRUITY 318ML','14.29','100'),('DINGIN SOSRO FRUITY 318ML,DINGIN SOSRO FRUITY 318ML,POP MIE AYAM BAWANG CUP 57 GR_PAB','14.29','16.67'),('POP MIE AYAM BAWANG CUP 57 GR_PAB,DINGIN SOSRO FRUITY 318ML,POP MIE AYAM BAWANG CUP 57 GR_PAB','14.29','50'),('POP MIE AYAM BAWANG CUP 57 GR_PAB,POP MIE AYAM BAWANG CUP 57 GR_PAB,DINGIN SOSRO FRUITY 318ML','14.29','20'),('DINGIN SOSRO FRUITY 318ML,POP MIE AYAM BAWANG CUP 57 GR_PAB,POP MIE AYAM BAWANG CUP 57 GR_PAB','14.29','50'),('POP MIE AYAM BAWANG CUP 57 GR_PAB,DINGIN SOSRO FRUITY 318ML,LAYS AYAM PANGGANG PAPRIKA 40 GR','14.29','50'),('POP MIE AYAM BAWANG CUP 57 GR_PAB,LAYS AYAM PANGGANG PAPRIKA 40 GR,DINGIN SOSRO FRUITY 318ML','14.29','100'),('DINGIN SOSRO FRUITY 318ML,LAYS AYAM PANGGANG PAPRIKA 40 GR,POP MIE AYAM BAWANG CUP 57 GR_PAB','14.29','33.33'),('POP MIE AYAM BAWANG CUP 57 GR_PAB,POP MIE AYAM BAWANG CUP 57 GR_PAB,POP MIE AYAM BAWANG CUP 57 GR_PAB','71.43','55.56'),('POP MIE AYAM BAWANG CUP 57 GR_PAB,POP MIE AYAM BAWANG CUP 57 GR_PAB,POP MIE AYAM BAWANG CUP 57 GR_PAB','71.43','100'),('POP MIE AYAM BAWANG CUP 57 GR_PAB,POP MIE AYAM BAWANG CUP 57 GR_PAB,POP MIE AYAM BAWANG CUP 57 GR_PAB','71.43','100'),('POP MIE AYAM BAWANG CUP 57 GR_PAB,POP MIE AYAM BAWANG CUP 57 GR_PAB,LAYS AYAM PANGGANG PAPRIKA 40 GR','14.29','11.11'),('POP MIE AYAM BAWANG CUP 57 GR_PAB,LAYS AYAM PANGGANG PAPRIKA 40 GR,POP MIE AYAM BAWANG CUP 57 GR_PAB','14.29','100'),('POP MIE AYAM BAWANG CUP 57 GR_PAB,LAYS AYAM PANGGANG PAPRIKA 40 GR,POP MIE AYAM BAWANG CUP 57 GR_PAB','14.29','100'),('POP MIE AYAM BAWANG CUP 57 GR_PAB,POP MIE AYAM BAWANG CUP 57 GR_PAB,LAYS AYAM PANGGANG PAPRIKA 40 GR','14.29','20'),('POP MIE AYAM BAWANG CUP 57 GR_PAB,LAYS AYAM PANGGANG PAPRIKA 40 GR,POP MIE AYAM BAWANG CUP 57 GR_PAB','14.29','100'),('POP MIE AYAM BAWANG CUP 57 GR_PAB,LAYS AYAM PANGGANG PAPRIKA 40 GR,POP MIE AYAM BAWANG CUP 57 GR_PAB','14.29','25'),('CAMILAN KACANG TELOR SYEBRINA,DINGIN SOSRO FRUITY 318ML,POP MIE AYAM BAWANG CUP 57 GR_PAB','28.57','100'),('CAMILAN KACANG TELOR SYEBRINA,POP MIE AYAM BAWANG CUP 57 GR_PAB,DINGIN SOSRO FRUITY 318ML','28.57','100'),('DINGIN SOSRO FRUITY 318ML,POP MIE AYAM BAWANG CUP 57 GR_PAB,CAMILAN KACANG TELOR SYEBRINA','28.57','66.67'),('CAMILAN KACANG TELOR SYEBRINA,DINGIN SOSRO FRUITY 318ML,LAYS AYAM PANGGANG PAPRIKA 40 GR','14.29','50'),('CAMILAN KACANG TELOR SYEBRINA,LAYS AYAM PANGGANG PAPRIKA 40 GR,DINGIN SOSRO FRUITY 318ML','14.29','100'),('DINGIN SOSRO FRUITY 318ML,LAYS AYAM PANGGANG PAPRIKA 40 GR,CAMILAN KACANG TELOR SYEBRINA','14.29','50'),('CAMILAN KACANG TELOR SYEBRINA,POP MIE AYAM BAWANG CUP 57 GR_PAB,LAYS AYAM PANGGANG PAPRIKA 40 GR','14.29','50'),('CAMILAN KACANG TELOR SYEBRINA,LAYS AYAM PANGGANG PAPRIKA 40 GR,POP MIE AYAM BAWANG CUP 57 GR_PAB','14.29','100'),('POP MIE AYAM BAWANG CUP 57 GR_PAB,LAYS AYAM PANGGANG PAPRIKA 40 GR,CAMILAN KACANG TELOR SYEBRINA','14.29','25'),('DINGIN SOSRO FRUITY 318ML,POP MIE AYAM BAWANG CUP 57 GR_PAB,POP MIE AYAM BAWANG CUP 57 GR_PAB','14.29','100'),('DINGIN SOSRO FRUITY 318ML,POP MIE AYAM BAWANG CUP 57 GR_PAB,POP MIE AYAM BAWANG CUP 57 GR_PAB','14.29','50'),('POP MIE AYAM BAWANG CUP 57 GR_PAB,POP MIE AYAM BAWANG CUP 57 GR_PAB,DINGIN SOSRO FRUITY 318ML','14.29','20'),('DINGIN SOSRO FRUITY 318ML,POP MIE AYAM BAWANG CUP 57 GR_PAB,LAYS AYAM PANGGANG PAPRIKA 40 GR','14.29','100'),('DINGIN SOSRO FRUITY 318ML,LAYS AYAM PANGGANG PAPRIKA 40 GR,POP MIE AYAM BAWANG CUP 57 GR_PAB','14.29','33.33'),('POP MIE AYAM BAWANG CUP 57 GR_PAB,LAYS AYAM PANGGANG PAPRIKA 40 GR,DINGIN SOSRO FRUITY 318ML','14.29','100'),('DINGIN SOSRO FRUITY 318ML,DINGIN SOSRO FRUITY 318ML,POP MIE AYAM BAWANG CUP 57 GR_PAB','14.29','16.67'),('DINGIN SOSRO FRUITY 318ML,POP MIE AYAM BAWANG CUP 57 GR_PAB,DINGIN SOSRO FRUITY 318ML','14.29','50'),('DINGIN SOSRO FRUITY 318ML,POP MIE AYAM BAWANG CUP 57 GR_PAB,DINGIN SOSRO FRUITY 318ML','14.29','33.33'),('DINGIN SOSRO FRUITY 318ML,DINGIN SOSRO FRUITY 318ML,LAYS AYAM PANGGANG PAPRIKA 40 GR','14.29','16.67'),('DINGIN SOSRO FRUITY 318ML,LAYS AYAM PANGGANG PAPRIKA 40 GR,DINGIN SOSRO FRUITY 318ML','14.29','33.33'),('DINGIN SOSRO FRUITY 318ML,LAYS AYAM PANGGANG PAPRIKA 40 GR,DINGIN SOSRO FRUITY 318ML','14.29','50'),('DINGIN SOSRO FRUITY 318ML,POP MIE AYAM BAWANG CUP 57 GR_PAB,LAYS AYAM PANGGANG PAPRIKA 40 GR','28.57','100'),('DINGIN SOSRO FRUITY 318ML,LAYS AYAM PANGGANG PAPRIKA 40 GR,POP MIE AYAM BAWANG CUP 57 GR_PAB','28.57','66.67'),('POP MIE AYAM BAWANG CUP 57 GR_PAB,LAYS AYAM PANGGANG PAPRIKA 40 GR,DINGIN SOSRO FRUITY 318ML','28.57','50'),('POP MIE AYAM BAWANG CUP 57 GR_PAB,POP MIE AYAM BAWANG CUP 57 GR_PAB,LAYS AYAM PANGGANG PAPRIKA 40 GR','14.29','20'),('POP MIE AYAM BAWANG CUP 57 GR_PAB,LAYS AYAM PANGGANG PAPRIKA 40 GR,POP MIE AYAM BAWANG CUP 57 GR_PAB','14.29','100'),('POP MIE AYAM BAWANG CUP 57 GR_PAB,LAYS AYAM PANGGANG PAPRIKA 40 GR,POP MIE AYAM BAWANG CUP 57 GR_PAB','14.29','25'),('DINGIN SOSRO FRUITY 318ML,POP MIE AYAM BAWANG CUP 57 GR_PAB,LAYS AYAM PANGGANG PAPRIKA 40 GR','28.57','66.67'),('DINGIN SOSRO FRUITY 318ML,LAYS AYAM PANGGANG PAPRIKA 40 GR,POP MIE AYAM BAWANG CUP 57 GR_PAB','28.57','100'),('POP MIE AYAM BAWANG CUP 57 GR_PAB,LAYS AYAM PANGGANG PAPRIKA 40 GR,DINGIN SOSRO FRUITY 318ML','28.57','50'),('POP MIE AYAM BAWANG CUP 57 GR_PAB; CAMILAN KACANG TELOR SYEBRINA','28.57','9.52'),('CAMILAN KACANG TELOR SYEBRINA,POP MIE AYAM BAWANG CUP 57 GR_PAB','28.57','11.76'),('POP MIE AYAM BAWANG CUP 57 GR_PAB; DINGIN SOSRO FRUITY 318ML','28.57','9.52'),('DINGIN SOSRO FRUITY 318ML,POP MIE AYAM BAWANG CUP 57 GR_PAB','28.57','12.5'),('POP MIE AYAM BAWANG CUP 57 GR_PAB; POP MIE AYAM BAWANG CUP 57 GR_PAB','128.57','42.86'),('POP MIE AYAM BAWANG CUP 57 GR_PAB,POP MIE AYAM BAWANG CUP 57 GR_PAB','128.57','42.86'),('DINGIN SOSRO FRUITY 318ML,POP MIE AYAM BAWANG CUP 57 GR_PAB','14.29','8.33'),('POP MIE AYAM BAWANG CUP 57 GR_PAB; POP MIE AYAM BAWANG CUP 57 GR_PAB','71.43','23.81'),('POP MIE AYAM BAWANG CUP 57 GR_PAB,POP MIE AYAM BAWANG CUP 57 GR_PAB','71.43','31.25'),('LAYS AYAM PANGGANG PAPRIKA 40 GR,POP MIE AYAM BAWANG CUP 57 GR_PAB','14.29','6.67'),('CAMILAN KACANG TELOR SYEBRINA; POP MIE AYAM BAWANG CUP 57 GR_PAB','28.57','11.76'),('POP MIE AYAM BAWANG CUP 57 GR_PAB,CAMILAN KACANG TELOR SYEBRINA','28.57','9.52'),('CAMILAN KACANG TELOR SYEBRINA; DINGIN SOSRO FRUITY 318ML','28.57','11.76'),('DINGIN SOSRO FRUITY 318ML,CAMILAN KACANG TELOR SYEBRINA','28.57','16.67'),('CAMILAN KACANG TELOR SYEBRINA; POP MIE AYAM BAWANG CUP 57 GR_PAB','28.57','11.76'),('POP MIE AYAM BAWANG CUP 57 GR_PAB,CAMILAN KACANG TELOR SYEBRINA','28.57','12.5'),('CAMILAN KACANG TELOR SYEBRINA; LAYS AYAM PANGGANG PAPRIKA 40 GR','14.29','5.88'),('LAYS AYAM PANGGANG PAPRIKA 40 GR,CAMILAN KACANG TELOR SYEBRINA','14.29','6.67'),('DINGIN SOSRO FRUITY 318ML; POP MIE AYAM BAWANG CUP 57 GR_PAB','14.29','6.25'),('DINGIN SOSRO FRUITY 318ML; DINGIN SOSRO FRUITY 318ML','85.71','37.5'),('DINGIN SOSRO FRUITY 318ML,DINGIN SOSRO FRUITY 318ML','85.71','50'),('DINGIN SOSRO FRUITY 318ML; POP MIE AYAM BAWANG CUP 57 GR_PAB','28.57','12.5'),('POP MIE AYAM BAWANG CUP 57 GR_PAB,DINGIN SOSRO FRUITY 318ML','28.57','12.5'),('DINGIN SOSRO FRUITY 318ML; LAYS AYAM PANGGANG PAPRIKA 40 GR','42.86','18.75'),('LAYS AYAM PANGGANG PAPRIKA 40 GR,DINGIN SOSRO FRUITY 318ML','42.86','20'),('POP MIE AYAM BAWANG CUP 57 GR_PAB; POP MIE AYAM BAWANG CUP 57 GR_PAB','71.43','23.81'),('POP MIE AYAM BAWANG CUP 57 GR_PAB,POP MIE AYAM BAWANG CUP 57 GR_PAB','71.43','31.25'),('LAYS AYAM PANGGANG PAPRIKA 40 GR,POP MIE AYAM BAWANG CUP 57 GR_PAB','14.29','6.67'),('DINGIN SOSRO FRUITY 318ML; POP MIE AYAM BAWANG CUP 57 GR_PAB','42.86','25'),('POP MIE AYAM BAWANG CUP 57 GR_PAB,DINGIN SOSRO FRUITY 318ML','42.86','18.75'),('DINGIN SOSRO FRUITY 318ML; LAYS AYAM PANGGANG PAPRIKA 40 GR','28.57','16.67'),('LAYS AYAM PANGGANG PAPRIKA 40 GR,DINGIN SOSRO FRUITY 318ML','28.57','13.33'),('POP MIE AYAM BAWANG CUP 57 GR_PAB; LAYS AYAM PANGGANG PAPRIKA 40 GR','57.14','25'),('LAYS AYAM PANGGANG PAPRIKA 40 GR,POP MIE AYAM BAWANG CUP 57 GR_PAB','57.14','26.67'),('POP MIE AYAM BAWANG CUP 57 GR_PAB,CAMILAN KACANG TELOR SYEBRINA,POP MIE AYAM BAWANG CUP 57 GR_PAB','28.57','100'),('POP MIE AYAM BAWANG CUP 57 GR_PAB,POP MIE AYAM BAWANG CUP 57 GR_PAB,CAMILAN KACANG TELOR SYEBRINA','28.57','22.22'),('CAMILAN KACANG TELOR SYEBRINA,POP MIE AYAM BAWANG CUP 57 GR_PAB,POP MIE AYAM BAWANG CUP 57 GR_PAB','28.57','100'),('POP MIE AYAM BAWANG CUP 57 GR_PAB,DINGIN SOSRO FRUITY 318ML,POP MIE AYAM BAWANG CUP 57 GR_PAB','14.29','50'),('POP MIE AYAM BAWANG CUP 57 GR_PAB,POP MIE AYAM BAWANG CUP 57 GR_PAB,DINGIN SOSRO FRUITY 318ML','14.29','11.11'),('DINGIN SOSRO FRUITY 318ML,POP MIE AYAM BAWANG CUP 57 GR_PAB,POP MIE AYAM BAWANG CUP 57 GR_PAB','14.29','100'),('POP MIE AYAM BAWANG CUP 57 GR_PAB,DINGIN SOSRO FRUITY 318ML,DINGIN SOSRO FRUITY 318ML','14.29','50'),('POP MIE AYAM BAWANG CUP 57 GR_PAB,DINGIN SOSRO FRUITY 318ML,DINGIN SOSRO FRUITY 318ML','14.29','100'),('DINGIN SOSRO FRUITY 318ML,DINGIN SOSRO FRUITY 318ML,POP MIE AYAM BAWANG CUP 57 GR_PAB','14.29','16.67'),('POP MIE AYAM BAWANG CUP 57 GR_PAB,DINGIN SOSRO FRUITY 318ML,POP MIE AYAM BAWANG CUP 57 GR_PAB','14.29','50'),('POP MIE AYAM BAWANG CUP 57 GR_PAB,POP MIE AYAM BAWANG CUP 57 GR_PAB,DINGIN SOSRO FRUITY 318ML','14.29','20'),('DINGIN SOSRO FRUITY 318ML,POP MIE AYAM BAWANG CUP 57 GR_PAB,POP MIE AYAM BAWANG CUP 57 GR_PAB','14.29','50'),('POP MIE AYAM BAWANG CUP 57 GR_PAB,DINGIN SOSRO FRUITY 318ML,LAYS AYAM PANGGANG PAPRIKA 40 GR','14.29','50'),('POP MIE AYAM BAWANG CUP 57 GR_PAB,LAYS AYAM PANGGANG PAPRIKA 40 GR,DINGIN SOSRO FRUITY 318ML','14.29','100'),('DINGIN SOSRO FRUITY 318ML,LAYS AYAM PANGGANG PAPRIKA 40 GR,POP MIE AYAM BAWANG CUP 57 GR_PAB','14.29','33.33'),('POP MIE AYAM BAWANG CUP 57 GR_PAB,POP MIE AYAM BAWANG CUP 57 GR_PAB,POP MIE AYAM BAWANG CUP 57 GR_PAB','71.43','55.56'),('POP MIE AYAM BAWANG CUP 57 GR_PAB,POP MIE AYAM BAWANG CUP 57 GR_PAB,POP MIE AYAM BAWANG CUP 57 GR_PAB','71.43','100'),('POP MIE AYAM BAWANG CUP 57 GR_PAB,POP MIE AYAM BAWANG CUP 57 GR_PAB,POP MIE AYAM BAWANG CUP 57 GR_PAB','71.43','100'),('POP MIE AYAM BAWANG CUP 57 GR_PAB,POP MIE AYAM BAWANG CUP 57 GR_PAB,LAYS AYAM PANGGANG PAPRIKA 40 GR','14.29','11.11'),('POP MIE AYAM BAWANG CUP 57 GR_PAB,LAYS AYAM PANGGANG PAPRIKA 40 GR,POP MIE AYAM BAWANG CUP 57 GR_PAB','14.29','100'),('POP MIE AYAM BAWANG CUP 57 GR_PAB,LAYS AYAM PANGGANG PAPRIKA 40 GR,POP MIE AYAM BAWANG CUP 57 GR_PAB','14.29','100'),('POP MIE AYAM BAWANG CUP 57 GR_PAB,POP MIE AYAM BAWANG CUP 57 GR_PAB,LAYS AYAM PANGGANG PAPRIKA 40 GR','14.29','20'),('POP MIE AYAM BAWANG CUP 57 GR_PAB,LAYS AYAM PANGGANG PAPRIKA 40 GR,POP MIE AYAM BAWANG CUP 57 GR_PAB','14.29','100'),('POP MIE AYAM BAWANG CUP 57 GR_PAB,LAYS AYAM PANGGANG PAPRIKA 40 GR,POP MIE AYAM BAWANG CUP 57 GR_PAB','14.29','25'),('CAMILAN KACANG TELOR SYEBRINA,DINGIN SOSRO FRUITY 318ML,POP MIE AYAM BAWANG CUP 57 GR_PAB','28.57','100'),('CAMILAN KACANG TELOR SYEBRINA,POP MIE AYAM BAWANG CUP 57 GR_PAB,DINGIN SOSRO FRUITY 318ML','28.57','100'),('DINGIN SOSRO FRUITY 318ML,POP MIE AYAM BAWANG CUP 57 GR_PAB,CAMILAN KACANG TELOR SYEBRINA','28.57','66.67'),('CAMILAN KACANG TELOR SYEBRINA,DINGIN SOSRO FRUITY 318ML,LAYS AYAM PANGGANG PAPRIKA 40 GR','14.29','50'),('CAMILAN KACANG TELOR SYEBRINA,LAYS AYAM PANGGANG PAPRIKA 40 GR,DINGIN SOSRO FRUITY 318ML','14.29','100'),('DINGIN SOSRO FRUITY 318ML,LAYS AYAM PANGGANG PAPRIKA 40 GR,CAMILAN KACANG TELOR SYEBRINA','14.29','50'),('CAMILAN KACANG TELOR SYEBRINA,POP MIE AYAM BAWANG CUP 57 GR_PAB,LAYS AYAM PANGGANG PAPRIKA 40 GR','14.29','50'),('CAMILAN KACANG TELOR SYEBRINA,LAYS AYAM PANGGANG PAPRIKA 40 GR,POP MIE AYAM BAWANG CUP 57 GR_PAB','14.29','100'),('POP MIE AYAM BAWANG CUP 57 GR_PAB,LAYS AYAM PANGGANG PAPRIKA 40 GR,CAMILAN KACANG TELOR SYEBRINA','14.29','25'),('DINGIN SOSRO FRUITY 318ML,POP MIE AYAM BAWANG CUP 57 GR_PAB,POP MIE AYAM BAWANG CUP 57 GR_PAB','14.29','100'),('DINGIN SOSRO FRUITY 318ML,POP MIE AYAM BAWANG CUP 57 GR_PAB,POP MIE AYAM BAWANG CUP 57 GR_PAB','14.29','50'),('POP MIE AYAM BAWANG CUP 57 GR_PAB,POP MIE AYAM BAWANG CUP 57 GR_PAB,DINGIN SOSRO FRUITY 318ML','14.29','20'),('DINGIN SOSRO FRUITY 318ML,POP MIE AYAM BAWANG CUP 57 GR_PAB,LAYS AYAM PANGGANG PAPRIKA 40 GR','14.29','100'),('DINGIN SOSRO FRUITY 318ML,LAYS AYAM PANGGANG PAPRIKA 40 GR,POP MIE AYAM BAWANG CUP 57 GR_PAB','14.29','33.33'),('POP MIE AYAM BAWANG CUP 57 GR_PAB,LAYS AYAM PANGGANG PAPRIKA 40 GR,DINGIN SOSRO FRUITY 318ML','14.29','100'),('DINGIN SOSRO FRUITY 318ML,DINGIN SOSRO FRUITY 318ML,POP MIE AYAM BAWANG CUP 57 GR_PAB','14.29','16.67'),('DINGIN SOSRO FRUITY 318ML,POP MIE AYAM BAWANG CUP 57 GR_PAB,DINGIN SOSRO FRUITY 318ML','14.29','50'),('DINGIN SOSRO FRUITY 318ML,POP MIE AYAM BAWANG CUP 57 GR_PAB,DINGIN SOSRO FRUITY 318ML','14.29','33.33'),('DINGIN SOSRO FRUITY 318ML,DINGIN SOSRO FRUITY 318ML,LAYS AYAM PANGGANG PAPRIKA 40 GR','14.29','16.67'),('DINGIN SOSRO FRUITY 318ML,LAYS AYAM PANGGANG PAPRIKA 40 GR,DINGIN SOSRO FRUITY 318ML','14.29','33.33'),('DINGIN SOSRO FRUITY 318ML,LAYS AYAM PANGGANG PAPRIKA 40 GR,DINGIN SOSRO FRUITY 318ML','14.29','50'),('DINGIN SOSRO FRUITY 318ML,POP MIE AYAM BAWANG CUP 57 GR_PAB,LAYS AYAM PANGGANG PAPRIKA 40 GR','28.57','100'),('DINGIN SOSRO FRUITY 318ML,LAYS AYAM PANGGANG PAPRIKA 40 GR,POP MIE AYAM BAWANG CUP 57 GR_PAB','28.57','66.67'),('POP MIE AYAM BAWANG CUP 57 GR_PAB,LAYS AYAM PANGGANG PAPRIKA 40 GR,DINGIN SOSRO FRUITY 318ML','28.57','50'),('POP MIE AYAM BAWANG CUP 57 GR_PAB,POP MIE AYAM BAWANG CUP 57 GR_PAB,LAYS AYAM PANGGANG PAPRIKA 40 GR','14.29','20'),('POP MIE AYAM BAWANG CUP 57 GR_PAB,LAYS AYAM PANGGANG PAPRIKA 40 GR,POP MIE AYAM BAWANG CUP 57 GR_PAB','14.29','100'),('POP MIE AYAM BAWANG CUP 57 GR_PAB,LAYS AYAM PANGGANG PAPRIKA 40 GR,POP MIE AYAM BAWANG CUP 57 GR_PAB','14.29','25'),('DINGIN SOSRO FRUITY 318ML,POP MIE AYAM BAWANG CUP 57 GR_PAB,LAYS AYAM PANGGANG PAPRIKA 40 GR','28.57','66.67'),('DINGIN SOSRO FRUITY 318ML,LAYS AYAM PANGGANG PAPRIKA 40 GR,POP MIE AYAM BAWANG CUP 57 GR_PAB','28.57','100'),('POP MIE AYAM BAWANG CUP 57 GR_PAB,LAYS AYAM PANGGANG PAPRIKA 40 GR,DINGIN SOSRO FRUITY 318ML','28.57','50'),('CAMILAN KACANG TELOR SYEBRINA,POP MIE AYAM BAWANG CUP 57 GR_PAB','100','6.25'),('POP MIE AYAM BAWANG CUP 57 GR_PAB; CAMILAN KACANG TELOR SYEBRINA','28.57','9.52'),('CAMILAN KACANG TELOR SYEBRINA,POP MIE AYAM BAWANG CUP 57 GR_PAB','28.57','12.5'),('POP MIE AYAM BAWANG CUP 57 GR_PAB; CAMILAN KACANG TELOR SYEBRINA','28.57','9.52'),('CAMILAN KACANG TELOR SYEBRINA,POP MIE AYAM BAWANG CUP 57 GR_PAB','28.57','12.5'),('POP MIE AYAM BAWANG CUP 57 GR_PAB; CAMILAN KACANG TELOR SYEBRINA','28.57','9.52'),('CAMILAN KACANG TELOR SYEBRINA,POP MIE AYAM BAWANG CUP 57 GR_PAB','28.57','12.5'),('POP MIE AYAM BAWANG CUP 57 GR_PAB; CAMILAN KACANG TELOR SYEBRINA','28.57','9.52'),('CAMILAN KACANG TELOR SYEBRINA,POP MIE AYAM BAWANG CUP 57 GR_PAB','28.57','12.5'),('POP MIE AYAM BAWANG CUP 57 GR_PAB; CAMILAN KACANG TELOR SYEBRINA','28.57','9.52'),('CAMILAN KACANG TELOR SYEBRINA,POP MIE AYAM BAWANG CUP 57 GR_PAB','28.57','12.5'),('POP MIE AYAM BAWANG CUP 57 GR_PAB; CAMILAN KACANG TELOR SYEBRINA','28.57','9.52'),('CAMILAN KACANG TELOR SYEBRINA,POP MIE AYAM BAWANG CUP 57 GR_PAB','28.57','12.5'),('POP MIE AYAM BAWANG CUP 57 GR_PAB; CAMILAN KACANG TELOR SYEBRINA','28.57','9.52'),('CAMILAN KACANG TELOR SYEBRINA,POP MIE AYAM BAWANG CUP 57 GR_PAB','28.57','12.5'),('CAMILAN KACANG TELOR SYEBRINA,POP MIE AYAM BAWANG CUP 57 GR_PAB','28.57','6.06'),('DINGIN SOSRO FRUITY 318ML,POP MIE AYAM BAWANG CUP 57 GR_PAB','28.57','12.5'),('POP MIE AYAM BAWANG CUP 57 GR_PAB; POP MIE AYAM BAWANG CUP 57 GR_PAB','128.57','21.43'),('POP MIE AYAM BAWANG CUP 57 GR_PAB,POP MIE AYAM BAWANG CUP 57 GR_PAB','128.57','42.86'),('DINGIN SOSRO FRUITY 318ML,POP MIE AYAM BAWANG CUP 57 GR_PAB','14.29','8.33'),('POP MIE AYAM BAWANG CUP 57 GR_PAB; POP MIE AYAM BAWANG CUP 57 GR_PAB','71.43','11.9'),('POP MIE AYAM BAWANG CUP 57 GR_PAB,POP MIE AYAM BAWANG CUP 57 GR_PAB','71.43','31.25'),('LAYS AYAM PANGGANG PAPRIKA 40 GR,POP MIE AYAM BAWANG CUP 57 GR_PAB','14.29','6.67'),('CAMILAN KACANG TELOR SYEBRINA; POP MIE AYAM BAWANG CUP 57 GR_PAB','28.57','6.06'),('POP MIE AYAM BAWANG CUP 57 GR_PAB,CAMILAN KACANG TELOR SYEBRINA','28.57','9.52'),('CAMILAN KACANG TELOR SYEBRINA; DINGIN SOSRO FRUITY 318ML','28.57','6.06'),('DINGIN SOSRO FRUITY 318ML,CAMILAN KACANG TELOR SYEBRINA','28.57','16.67'),('CAMILAN KACANG TELOR SYEBRINA; POP MIE AYAM BAWANG CUP 57 GR_PAB','28.57','6.06'),('POP MIE AYAM BAWANG CUP 57 GR_PAB,CAMILAN KACANG TELOR SYEBRINA','28.57','12.5'),('LAYS AYAM PANGGANG PAPRIKA 40 GR,CAMILAN KACANG TELOR SYEBRINA','14.29','6.67'),('DINGIN SOSRO FRUITY 318ML; POP MIE AYAM BAWANG CUP 57 GR_PAB','14.29','6.25'),('DINGIN SOSRO FRUITY 318ML; DINGIN SOSRO FRUITY 318ML','85.71','37.5'),('DINGIN SOSRO FRUITY 318ML,DINGIN SOSRO FRUITY 318ML','85.71','50'),('DINGIN SOSRO FRUITY 318ML; POP MIE AYAM BAWANG CUP 57 GR_PAB','28.57','12.5'),('POP MIE AYAM BAWANG CUP 57 GR_PAB,DINGIN SOSRO FRUITY 318ML','28.57','12.5'),('DINGIN SOSRO FRUITY 318ML; LAYS AYAM PANGGANG PAPRIKA 40 GR','42.86','18.75'),('LAYS AYAM PANGGANG PAPRIKA 40 GR,DINGIN SOSRO FRUITY 318ML','42.86','20'),('POP MIE AYAM BAWANG CUP 57 GR_PAB; POP MIE AYAM BAWANG CUP 57 GR_PAB','71.43','23.81'),('POP MIE AYAM BAWANG CUP 57 GR_PAB,POP MIE AYAM BAWANG CUP 57 GR_PAB','71.43','31.25'),('LAYS AYAM PANGGANG PAPRIKA 40 GR,POP MIE AYAM BAWANG CUP 57 GR_PAB','14.29','6.67'),('DINGIN SOSRO FRUITY 318ML; POP MIE AYAM BAWANG CUP 57 GR_PAB','42.86','25'),('POP MIE AYAM BAWANG CUP 57 GR_PAB,DINGIN SOSRO FRUITY 318ML','42.86','18.75'),('DINGIN SOSRO FRUITY 318ML; LAYS AYAM PANGGANG PAPRIKA 40 GR','28.57','16.67'),('LAYS AYAM PANGGANG PAPRIKA 40 GR,DINGIN SOSRO FRUITY 318ML','28.57','13.33'),('POP MIE AYAM BAWANG CUP 57 GR_PAB; LAYS AYAM PANGGANG PAPRIKA 40 GR','57.14','25'),('LAYS AYAM PANGGANG PAPRIKA 40 GR,POP MIE AYAM BAWANG CUP 57 GR_PAB','57.14','26.67'),('POP MIE AYAM BAWANG CUP 57 GR_PAB,CAMILAN KACANG TELOR SYEBRINA,POP MIE AYAM BAWANG CUP 57 GR_PAB','28.57','100'),('POP MIE AYAM BAWANG CUP 57 GR_PAB,POP MIE AYAM BAWANG CUP 57 GR_PAB,CAMILAN KACANG TELOR SYEBRINA','28.57','22.22'),('CAMILAN KACANG TELOR SYEBRINA,POP MIE AYAM BAWANG CUP 57 GR_PAB,POP MIE AYAM BAWANG CUP 57 GR_PAB','28.57','100'),('POP MIE AYAM BAWANG CUP 57 GR_PAB,DINGIN SOSRO FRUITY 318ML,POP MIE AYAM BAWANG CUP 57 GR_PAB','14.29','50'),('POP MIE AYAM BAWANG CUP 57 GR_PAB,POP MIE AYAM BAWANG CUP 57 GR_PAB,DINGIN SOSRO FRUITY 318ML','14.29','11.11'),('DINGIN SOSRO FRUITY 318ML,POP MIE AYAM BAWANG CUP 57 GR_PAB,POP MIE AYAM BAWANG CUP 57 GR_PAB','14.29','100'),('POP MIE AYAM BAWANG CUP 57 GR_PAB,DINGIN SOSRO FRUITY 318ML,DINGIN SOSRO FRUITY 318ML','14.29','50'),('POP MIE AYAM BAWANG CUP 57 GR_PAB,DINGIN SOSRO FRUITY 318ML,DINGIN SOSRO FRUITY 318ML','14.29','100'),('DINGIN SOSRO FRUITY 318ML,DINGIN SOSRO FRUITY 318ML,POP MIE AYAM BAWANG CUP 57 GR_PAB','14.29','16.67'),('POP MIE AYAM BAWANG CUP 57 GR_PAB,DINGIN SOSRO FRUITY 318ML,POP MIE AYAM BAWANG CUP 57 GR_PAB','14.29','50'),('POP MIE AYAM BAWANG CUP 57 GR_PAB,POP MIE AYAM BAWANG CUP 57 GR_PAB,DINGIN SOSRO FRUITY 318ML','14.29','20'),('DINGIN SOSRO FRUITY 318ML,POP MIE AYAM BAWANG CUP 57 GR_PAB,POP MIE AYAM BAWANG CUP 57 GR_PAB','14.29','50'),('POP MIE AYAM BAWANG CUP 57 GR_PAB,DINGIN SOSRO FRUITY 318ML,LAYS AYAM PANGGANG PAPRIKA 40 GR','14.29','50'),('POP MIE AYAM BAWANG CUP 57 GR_PAB,LAYS AYAM PANGGANG PAPRIKA 40 GR,DINGIN SOSRO FRUITY 318ML','14.29','100'),('DINGIN SOSRO FRUITY 318ML,LAYS AYAM PANGGANG PAPRIKA 40 GR,POP MIE AYAM BAWANG CUP 57 GR_PAB','14.29','33.33'),('POP MIE AYAM BAWANG CUP 57 GR_PAB,POP MIE AYAM BAWANG CUP 57 GR_PAB,POP MIE AYAM BAWANG CUP 57 GR_PAB','71.43','55.56'),('POP MIE AYAM BAWANG CUP 57 GR_PAB,POP MIE AYAM BAWANG CUP 57 GR_PAB,POP MIE AYAM BAWANG CUP 57 GR_PAB','71.43','100'),('POP MIE AYAM BAWANG CUP 57 GR_PAB,POP MIE AYAM BAWANG CUP 57 GR_PAB,POP MIE AYAM BAWANG CUP 57 GR_PAB','71.43','100'),('POP MIE AYAM BAWANG CUP 57 GR_PAB,POP MIE AYAM BAWANG CUP 57 GR_PAB,LAYS AYAM PANGGANG PAPRIKA 40 GR','14.29','11.11'),('POP MIE AYAM BAWANG CUP 57 GR_PAB,LAYS AYAM PANGGANG PAPRIKA 40 GR,POP MIE AYAM BAWANG CUP 57 GR_PAB','14.29','100'),('POP MIE AYAM BAWANG CUP 57 GR_PAB,LAYS AYAM PANGGANG PAPRIKA 40 GR,POP MIE AYAM BAWANG CUP 57 GR_PAB','14.29','100'),('POP MIE AYAM BAWANG CUP 57 GR_PAB,POP MIE AYAM BAWANG CUP 57 GR_PAB,LAYS AYAM PANGGANG PAPRIKA 40 GR','14.29','20'),('POP MIE AYAM BAWANG CUP 57 GR_PAB,LAYS AYAM PANGGANG PAPRIKA 40 GR,POP MIE AYAM BAWANG CUP 57 GR_PAB','14.29','100'),('POP MIE AYAM BAWANG CUP 57 GR_PAB,LAYS AYAM PANGGANG PAPRIKA 40 GR,POP MIE AYAM BAWANG CUP 57 GR_PAB','14.29','25'),('CAMILAN KACANG TELOR SYEBRINA,DINGIN SOSRO FRUITY 318ML,POP MIE AYAM BAWANG CUP 57 GR_PAB','28.57','100'),('CAMILAN KACANG TELOR SYEBRINA,POP MIE AYAM BAWANG CUP 57 GR_PAB,DINGIN SOSRO FRUITY 318ML','28.57','100'),('DINGIN SOSRO FRUITY 318ML,POP MIE AYAM BAWANG CUP 57 GR_PAB,CAMILAN KACANG TELOR SYEBRINA','28.57','66.67'),('CAMILAN KACANG TELOR SYEBRINA,DINGIN SOSRO FRUITY 318ML,LAYS AYAM PANGGANG PAPRIKA 40 GR','14.29','50'),('CAMILAN KACANG TELOR SYEBRINA,LAYS AYAM PANGGANG PAPRIKA 40 GR,DINGIN SOSRO FRUITY 318ML','14.29','100'),('DINGIN SOSRO FRUITY 318ML,LAYS AYAM PANGGANG PAPRIKA 40 GR,CAMILAN KACANG TELOR SYEBRINA','14.29','50'),('CAMILAN KACANG TELOR SYEBRINA,POP MIE AYAM BAWANG CUP 57 GR_PAB,LAYS AYAM PANGGANG PAPRIKA 40 GR','14.29','50'),('CAMILAN KACANG TELOR SYEBRINA,LAYS AYAM PANGGANG PAPRIKA 40 GR,POP MIE AYAM BAWANG CUP 57 GR_PAB','14.29','100'),('POP MIE AYAM BAWANG CUP 57 GR_PAB,LAYS AYAM PANGGANG PAPRIKA 40 GR,CAMILAN KACANG TELOR SYEBRINA','14.29','25'),('DINGIN SOSRO FRUITY 318ML,POP MIE AYAM BAWANG CUP 57 GR_PAB,POP MIE AYAM BAWANG CUP 57 GR_PAB','14.29','100'),('DINGIN SOSRO FRUITY 318ML,POP MIE AYAM BAWANG CUP 57 GR_PAB,POP MIE AYAM BAWANG CUP 57 GR_PAB','14.29','50'),('POP MIE AYAM BAWANG CUP 57 GR_PAB,POP MIE AYAM BAWANG CUP 57 GR_PAB,DINGIN SOSRO FRUITY 318ML','14.29','20'),('DINGIN SOSRO FRUITY 318ML,POP MIE AYAM BAWANG CUP 57 GR_PAB,LAYS AYAM PANGGANG PAPRIKA 40 GR','14.29','100'),('DINGIN SOSRO FRUITY 318ML,LAYS AYAM PANGGANG PAPRIKA 40 GR,POP MIE AYAM BAWANG CUP 57 GR_PAB','14.29','33.33'),('POP MIE AYAM BAWANG CUP 57 GR_PAB,LAYS AYAM PANGGANG PAPRIKA 40 GR,DINGIN SOSRO FRUITY 318ML','14.29','100'),('DINGIN SOSRO FRUITY 318ML,DINGIN SOSRO FRUITY 318ML,POP MIE AYAM BAWANG CUP 57 GR_PAB','14.29','16.67'),('DINGIN SOSRO FRUITY 318ML,POP MIE AYAM BAWANG CUP 57 GR_PAB,DINGIN SOSRO FRUITY 318ML','14.29','50'),('DINGIN SOSRO FRUITY 318ML,POP MIE AYAM BAWANG CUP 57 GR_PAB,DINGIN SOSRO FRUITY 318ML','14.29','33.33'),('DINGIN SOSRO FRUITY 318ML,DINGIN SOSRO FRUITY 318ML,LAYS AYAM PANGGANG PAPRIKA 40 GR','14.29','16.67'),('DINGIN SOSRO FRUITY 318ML,LAYS AYAM PANGGANG PAPRIKA 40 GR,DINGIN SOSRO FRUITY 318ML','14.29','33.33'),('DINGIN SOSRO FRUITY 318ML,LAYS AYAM PANGGANG PAPRIKA 40 GR,DINGIN SOSRO FRUITY 318ML','14.29','50'),('DINGIN SOSRO FRUITY 318ML,POP MIE AYAM BAWANG CUP 57 GR_PAB,LAYS AYAM PANGGANG PAPRIKA 40 GR','28.57','100'),('DINGIN SOSRO FRUITY 318ML,LAYS AYAM PANGGANG PAPRIKA 40 GR,POP MIE AYAM BAWANG CUP 57 GR_PAB','28.57','66.67'),('POP MIE AYAM BAWANG CUP 57 GR_PAB,LAYS AYAM PANGGANG PAPRIKA 40 GR,DINGIN SOSRO FRUITY 318ML','28.57','50'),('POP MIE AYAM BAWANG CUP 57 GR_PAB,POP MIE AYAM BAWANG CUP 57 GR_PAB,LAYS AYAM PANGGANG PAPRIKA 40 GR','14.29','20'),('POP MIE AYAM BAWANG CUP 57 GR_PAB,LAYS AYAM PANGGANG PAPRIKA 40 GR,POP MIE AYAM BAWANG CUP 57 GR_PAB','14.29','100'),('POP MIE AYAM BAWANG CUP 57 GR_PAB,LAYS AYAM PANGGANG PAPRIKA 40 GR,POP MIE AYAM BAWANG CUP 57 GR_PAB','14.29','25'),('DINGIN SOSRO FRUITY 318ML,POP MIE AYAM BAWANG CUP 57 GR_PAB,LAYS AYAM PANGGANG PAPRIKA 40 GR','28.57','66.67'),('DINGIN SOSRO FRUITY 318ML,LAYS AYAM PANGGANG PAPRIKA 40 GR,POP MIE AYAM BAWANG CUP 57 GR_PAB','28.57','100'),('POP MIE AYAM BAWANG CUP 57 GR_PAB,LAYS AYAM PANGGANG PAPRIKA 40 GR,DINGIN SOSRO FRUITY 318ML','28.57','50'),('POP MIE AYAM BAWANG CUP 57 GR_PAB; CAMILAN KACANG TELOR SYEBRINA','28.57','9.52'),('CAMILAN KACANG TELOR SYEBRINA,POP MIE AYAM BAWANG CUP 57 GR_PAB','28.57','11.76'),('POP MIE AYAM BAWANG CUP 57 GR_PAB; DINGIN SOSRO FRUITY 318ML','28.57','9.52'),('DINGIN SOSRO FRUITY 318ML,POP MIE AYAM BAWANG CUP 57 GR_PAB','28.57','12.5'),('POP MIE AYAM BAWANG CUP 57 GR_PAB; POP MIE AYAM BAWANG CUP 57 GR_PAB','128.57','42.86'),('POP MIE AYAM BAWANG CUP 57 GR_PAB,POP MIE AYAM BAWANG CUP 57 GR_PAB','128.57','42.86'),('DINGIN SOSRO FRUITY 318ML,POP MIE AYAM BAWANG CUP 57 GR_PAB','14.29','8.33'),('POP MIE AYAM BAWANG CUP 57 GR_PAB; POP MIE AYAM BAWANG CUP 57 GR_PAB','71.43','23.81'),('POP MIE AYAM BAWANG CUP 57 GR_PAB,POP MIE AYAM BAWANG CUP 57 GR_PAB','71.43','31.25'),('LAYS AYAM PANGGANG PAPRIKA 40 GR,POP MIE AYAM BAWANG CUP 57 GR_PAB','14.29','6.67'),('CAMILAN KACANG TELOR SYEBRINA; POP MIE AYAM BAWANG CUP 57 GR_PAB','28.57','11.76'),('POP MIE AYAM BAWANG CUP 57 GR_PAB,CAMILAN KACANG TELOR SYEBRINA','28.57','9.52'),('CAMILAN KACANG TELOR SYEBRINA; DINGIN SOSRO FRUITY 318ML','28.57','11.76'),('DINGIN SOSRO FRUITY 318ML,CAMILAN KACANG TELOR SYEBRINA','28.57','16.67'),('CAMILAN KACANG TELOR SYEBRINA; POP MIE AYAM BAWANG CUP 57 GR_PAB','28.57','11.76'),('POP MIE AYAM BAWANG CUP 57 GR_PAB,CAMILAN KACANG TELOR SYEBRINA','28.57','12.5'),('CAMILAN KACANG TELOR SYEBRINA; LAYS AYAM PANGGANG PAPRIKA 40 GR','14.29','5.88'),('LAYS AYAM PANGGANG PAPRIKA 40 GR,CAMILAN KACANG TELOR SYEBRINA','14.29','6.67'),('DINGIN SOSRO FRUITY 318ML; POP MIE AYAM BAWANG CUP 57 GR_PAB','14.29','6.25'),('DINGIN SOSRO FRUITY 318ML; DINGIN SOSRO FRUITY 318ML','85.71','37.5'),('DINGIN SOSRO FRUITY 318ML,DINGIN SOSRO FRUITY 318ML','85.71','50'),('DINGIN SOSRO FRUITY 318ML; POP MIE AYAM BAWANG CUP 57 GR_PAB','28.57','12.5'),('POP MIE AYAM BAWANG CUP 57 GR_PAB,DINGIN SOSRO FRUITY 318ML','28.57','12.5'),('DINGIN SOSRO FRUITY 318ML; LAYS AYAM PANGGANG PAPRIKA 40 GR','42.86','18.75'),('LAYS AYAM PANGGANG PAPRIKA 40 GR,DINGIN SOSRO FRUITY 318ML','42.86','20'),('POP MIE AYAM BAWANG CUP 57 GR_PAB; POP MIE AYAM BAWANG CUP 57 GR_PAB','71.43','23.81'),('POP MIE AYAM BAWANG CUP 57 GR_PAB,POP MIE AYAM BAWANG CUP 57 GR_PAB','71.43','31.25'),('LAYS AYAM PANGGANG PAPRIKA 40 GR,POP MIE AYAM BAWANG CUP 57 GR_PAB','14.29','6.67'),('DINGIN SOSRO FRUITY 318ML; POP MIE AYAM BAWANG CUP 57 GR_PAB','42.86','25'),('POP MIE AYAM BAWANG CUP 57 GR_PAB,DINGIN SOSRO FRUITY 318ML','42.86','18.75'),('DINGIN SOSRO FRUITY 318ML; LAYS AYAM PANGGANG PAPRIKA 40 GR','28.57','16.67'),('LAYS AYAM PANGGANG PAPRIKA 40 GR,DINGIN SOSRO FRUITY 318ML','28.57','13.33'),('POP MIE AYAM BAWANG CUP 57 GR_PAB; LAYS AYAM PANGGANG PAPRIKA 40 GR','57.14','25'),('LAYS AYAM PANGGANG PAPRIKA 40 GR,POP MIE AYAM BAWANG CUP 57 GR_PAB','57.14','26.67'),('POP MIE AYAM BAWANG CUP 57 GR_PAB,CAMILAN KACANG TELOR SYEBRINA,POP MIE AYAM BAWANG CUP 57 GR_PAB','28.57','100'),('POP MIE AYAM BAWANG CUP 57 GR_PAB,POP MIE AYAM BAWANG CUP 57 GR_PAB,CAMILAN KACANG TELOR SYEBRINA','28.57','22.22'),('CAMILAN KACANG TELOR SYEBRINA,POP MIE AYAM BAWANG CUP 57 GR_PAB,POP MIE AYAM BAWANG CUP 57 GR_PAB','28.57','100'),('POP MIE AYAM BAWANG CUP 57 GR_PAB,DINGIN SOSRO FRUITY 318ML,POP MIE AYAM BAWANG CUP 57 GR_PAB','14.29','50'),('POP MIE AYAM BAWANG CUP 57 GR_PAB,POP MIE AYAM BAWANG CUP 57 GR_PAB,DINGIN SOSRO FRUITY 318ML','14.29','11.11'),('DINGIN SOSRO FRUITY 318ML,POP MIE AYAM BAWANG CUP 57 GR_PAB,POP MIE AYAM BAWANG CUP 57 GR_PAB','14.29','100'),('POP MIE AYAM BAWANG CUP 57 GR_PAB,DINGIN SOSRO FRUITY 318ML,DINGIN SOSRO FRUITY 318ML','14.29','50'),('POP MIE AYAM BAWANG CUP 57 GR_PAB,DINGIN SOSRO FRUITY 318ML,DINGIN SOSRO FRUITY 318ML','14.29','100'),('DINGIN SOSRO FRUITY 318ML,DINGIN SOSRO FRUITY 318ML,POP MIE AYAM BAWANG CUP 57 GR_PAB','14.29','16.67'),('POP MIE AYAM BAWANG CUP 57 GR_PAB,DINGIN SOSRO FRUITY 318ML,POP MIE AYAM BAWANG CUP 57 GR_PAB','14.29','50'),('POP MIE AYAM BAWANG CUP 57 GR_PAB,POP MIE AYAM BAWANG CUP 57 GR_PAB,DINGIN SOSRO FRUITY 318ML','14.29','20'),('DINGIN SOSRO FRUITY 318ML,POP MIE AYAM BAWANG CUP 57 GR_PAB,POP MIE AYAM BAWANG CUP 57 GR_PAB','14.29','50'),('POP MIE AYAM BAWANG CUP 57 GR_PAB,DINGIN SOSRO FRUITY 318ML,LAYS AYAM PANGGANG PAPRIKA 40 GR','14.29','50'),('POP MIE AYAM BAWANG CUP 57 GR_PAB,LAYS AYAM PANGGANG PAPRIKA 40 GR,DINGIN SOSRO FRUITY 318ML','14.29','100'),('DINGIN SOSRO FRUITY 318ML,LAYS AYAM PANGGANG PAPRIKA 40 GR,POP MIE AYAM BAWANG CUP 57 GR_PAB','14.29','33.33'),('POP MIE AYAM BAWANG CUP 57 GR_PAB,POP MIE AYAM BAWANG CUP 57 GR_PAB,POP MIE AYAM BAWANG CUP 57 GR_PAB','71.43','55.56'),('POP MIE AYAM BAWANG CUP 57 GR_PAB,POP MIE AYAM BAWANG CUP 57 GR_PAB,POP MIE AYAM BAWANG CUP 57 GR_PAB','71.43','100'),('POP MIE AYAM BAWANG CUP 57 GR_PAB,POP MIE AYAM BAWANG CUP 57 GR_PAB,POP MIE AYAM BAWANG CUP 57 GR_PAB','71.43','100'),('POP MIE AYAM BAWANG CUP 57 GR_PAB,POP MIE AYAM BAWANG CUP 57 GR_PAB,LAYS AYAM PANGGANG PAPRIKA 40 GR','14.29','11.11'),('POP MIE AYAM BAWANG CUP 57 GR_PAB,LAYS AYAM PANGGANG PAPRIKA 40 GR,POP MIE AYAM BAWANG CUP 57 GR_PAB','14.29','100'),('POP MIE AYAM BAWANG CUP 57 GR_PAB,LAYS AYAM PANGGANG PAPRIKA 40 GR,POP MIE AYAM BAWANG CUP 57 GR_PAB','14.29','100'),('POP MIE AYAM BAWANG CUP 57 GR_PAB,POP MIE AYAM BAWANG CUP 57 GR_PAB,LAYS AYAM PANGGANG PAPRIKA 40 GR','14.29','20'),('POP MIE AYAM BAWANG CUP 57 GR_PAB,LAYS AYAM PANGGANG PAPRIKA 40 GR,POP MIE AYAM BAWANG CUP 57 GR_PAB','14.29','100'),('POP MIE AYAM BAWANG CUP 57 GR_PAB,LAYS AYAM PANGGANG PAPRIKA 40 GR,POP MIE AYAM BAWANG CUP 57 GR_PAB','14.29','25'),('CAMILAN KACANG TELOR SYEBRINA,DINGIN SOSRO FRUITY 318ML,POP MIE AYAM BAWANG CUP 57 GR_PAB','28.57','100'),('CAMILAN KACANG TELOR SYEBRINA,POP MIE AYAM BAWANG CUP 57 GR_PAB,DINGIN SOSRO FRUITY 318ML','28.57','100'),('DINGIN SOSRO FRUITY 318ML,POP MIE AYAM BAWANG CUP 57 GR_PAB,CAMILAN KACANG TELOR SYEBRINA','28.57','66.67'),('CAMILAN KACANG TELOR SYEBRINA,DINGIN SOSRO FRUITY 318ML,LAYS AYAM PANGGANG PAPRIKA 40 GR','14.29','50'),('CAMILAN KACANG TELOR SYEBRINA,LAYS AYAM PANGGANG PAPRIKA 40 GR,DINGIN SOSRO FRUITY 318ML','14.29','100'),('DINGIN SOSRO FRUITY 318ML,LAYS AYAM PANGGANG PAPRIKA 40 GR,CAMILAN KACANG TELOR SYEBRINA','14.29','50'),('CAMILAN KACANG TELOR SYEBRINA,POP MIE AYAM BAWANG CUP 57 GR_PAB,LAYS AYAM PANGGANG PAPRIKA 40 GR','14.29','50'),('CAMILAN KACANG TELOR SYEBRINA,LAYS AYAM PANGGANG PAPRIKA 40 GR,POP MIE AYAM BAWANG CUP 57 GR_PAB','14.29','100'),('POP MIE AYAM BAWANG CUP 57 GR_PAB,LAYS AYAM PANGGANG PAPRIKA 40 GR,CAMILAN KACANG TELOR SYEBRINA','14.29','25'),('DINGIN SOSRO FRUITY 318ML,POP MIE AYAM BAWANG CUP 57 GR_PAB,POP MIE AYAM BAWANG CUP 57 GR_PAB','14.29','100'),('DINGIN SOSRO FRUITY 318ML,POP MIE AYAM BAWANG CUP 57 GR_PAB,POP MIE AYAM BAWANG CUP 57 GR_PAB','14.29','50'),('POP MIE AYAM BAWANG CUP 57 GR_PAB,POP MIE AYAM BAWANG CUP 57 GR_PAB,DINGIN SOSRO FRUITY 318ML','14.29','20'),('DINGIN SOSRO FRUITY 318ML,POP MIE AYAM BAWANG CUP 57 GR_PAB,LAYS AYAM PANGGANG PAPRIKA 40 GR','14.29','100'),('DINGIN SOSRO FRUITY 318ML,LAYS AYAM PANGGANG PAPRIKA 40 GR,POP MIE AYAM BAWANG CUP 57 GR_PAB','14.29','33.33'),('POP MIE AYAM BAWANG CUP 57 GR_PAB,LAYS AYAM PANGGANG PAPRIKA 40 GR,DINGIN SOSRO FRUITY 318ML','14.29','100'),('DINGIN SOSRO FRUITY 318ML,DINGIN SOSRO FRUITY 318ML,POP MIE AYAM BAWANG CUP 57 GR_PAB','14.29','16.67'),('DINGIN SOSRO FRUITY 318ML,POP MIE AYAM BAWANG CUP 57 GR_PAB,DINGIN SOSRO FRUITY 318ML','14.29','50'),('DINGIN SOSRO FRUITY 318ML,POP MIE AYAM BAWANG CUP 57 GR_PAB,DINGIN SOSRO FRUITY 318ML','14.29','33.33'),('DINGIN SOSRO FRUITY 318ML,DINGIN SOSRO FRUITY 318ML,LAYS AYAM PANGGANG PAPRIKA 40 GR','14.29','16.67'),('DINGIN SOSRO FRUITY 318ML,LAYS AYAM PANGGANG PAPRIKA 40 GR,DINGIN SOSRO FRUITY 318ML','14.29','33.33'),('DINGIN SOSRO FRUITY 318ML,LAYS AYAM PANGGANG PAPRIKA 40 GR,DINGIN SOSRO FRUITY 318ML','14.29','50'),('DINGIN SOSRO FRUITY 318ML,POP MIE AYAM BAWANG CUP 57 GR_PAB,LAYS AYAM PANGGANG PAPRIKA 40 GR','28.57','100'),('DINGIN SOSRO FRUITY 318ML,LAYS AYAM PANGGANG PAPRIKA 40 GR,POP MIE AYAM BAWANG CUP 57 GR_PAB','28.57','66.67'),('POP MIE AYAM BAWANG CUP 57 GR_PAB,LAYS AYAM PANGGANG PAPRIKA 40 GR,DINGIN SOSRO FRUITY 318ML','28.57','50'),('POP MIE AYAM BAWANG CUP 57 GR_PAB,POP MIE AYAM BAWANG CUP 57 GR_PAB,LAYS AYAM PANGGANG PAPRIKA 40 GR','14.29','20'),('POP MIE AYAM BAWANG CUP 57 GR_PAB,LAYS AYAM PANGGANG PAPRIKA 40 GR,POP MIE AYAM BAWANG CUP 57 GR_PAB','14.29','100'),('POP MIE AYAM BAWANG CUP 57 GR_PAB,LAYS AYAM PANGGANG PAPRIKA 40 GR,POP MIE AYAM BAWANG CUP 57 GR_PAB','14.29','25'),('DINGIN SOSRO FRUITY 318ML,POP MIE AYAM BAWANG CUP 57 GR_PAB,LAYS AYAM PANGGANG PAPRIKA 40 GR','28.57','66.67'),('DINGIN SOSRO FRUITY 318ML,LAYS AYAM PANGGANG PAPRIKA 40 GR,POP MIE AYAM BAWANG CUP 57 GR_PAB','28.57','100'),('POP MIE AYAM BAWANG CUP 57 GR_PAB,LAYS AYAM PANGGANG PAPRIKA 40 GR,DINGIN SOSRO FRUITY 318ML','28.57','50'),('POP MIE AYAM BAWANG CUP 57 GR_PAB; CAMILAN KACANG TELOR SYEBRINA','28.57','9.52'),('CAMILAN KACANG TELOR SYEBRINA,POP MIE AYAM BAWANG CUP 57 GR_PAB','28.57','11.76'),('POP MIE AYAM BAWANG CUP 57 GR_PAB; DINGIN SOSRO FRUITY 318ML','28.57','9.52'),('DINGIN SOSRO FRUITY 318ML,POP MIE AYAM BAWANG CUP 57 GR_PAB','28.57','12.5'),('POP MIE AYAM BAWANG CUP 57 GR_PAB; POP MIE AYAM BAWANG CUP 57 GR_PAB','128.57','42.86'),('POP MIE AYAM BAWANG CUP 57 GR_PAB,POP MIE AYAM BAWANG CUP 57 GR_PAB','128.57','42.86'),('DINGIN SOSRO FRUITY 318ML,POP MIE AYAM BAWANG CUP 57 GR_PAB','14.29','8.33'),('POP MIE AYAM BAWANG CUP 57 GR_PAB; POP MIE AYAM BAWANG CUP 57 GR_PAB','71.43','23.81'),('POP MIE AYAM BAWANG CUP 57 GR_PAB,POP MIE AYAM BAWANG CUP 57 GR_PAB','71.43','31.25'),('LAYS AYAM PANGGANG PAPRIKA 40 GR,POP MIE AYAM BAWANG CUP 57 GR_PAB','14.29','6.67'),('CAMILAN KACANG TELOR SYEBRINA; POP MIE AYAM BAWANG CUP 57 GR_PAB','28.57','11.76'),('POP MIE AYAM BAWANG CUP 57 GR_PAB,CAMILAN KACANG TELOR SYEBRINA','28.57','9.52'),('CAMILAN KACANG TELOR SYEBRINA; DINGIN SOSRO FRUITY 318ML','28.57','11.76'),('DINGIN SOSRO FRUITY 318ML,CAMILAN KACANG TELOR SYEBRINA','28.57','16.67'),('CAMILAN KACANG TELOR SYEBRINA; POP MIE AYAM BAWANG CUP 57 GR_PAB','28.57','11.76'),('POP MIE AYAM BAWANG CUP 57 GR_PAB,CAMILAN KACANG TELOR SYEBRINA','28.57','12.5'),('CAMILAN KACANG TELOR SYEBRINA; LAYS AYAM PANGGANG PAPRIKA 40 GR','14.29','5.88'),('LAYS AYAM PANGGANG PAPRIKA 40 GR,CAMILAN KACANG TELOR SYEBRINA','14.29','6.67'),('DINGIN SOSRO FRUITY 318ML; POP MIE AYAM BAWANG CUP 57 GR_PAB','14.29','6.25'),('DINGIN SOSRO FRUITY 318ML; DINGIN SOSRO FRUITY 318ML','85.71','37.5'),('DINGIN SOSRO FRUITY 318ML,DINGIN SOSRO FRUITY 318ML','85.71','50'),('DINGIN SOSRO FRUITY 318ML; POP MIE AYAM BAWANG CUP 57 GR_PAB','28.57','12.5'),('POP MIE AYAM BAWANG CUP 57 GR_PAB,DINGIN SOSRO FRUITY 318ML','28.57','12.5'),('DINGIN SOSRO FRUITY 318ML; LAYS AYAM PANGGANG PAPRIKA 40 GR','42.86','18.75'),('LAYS AYAM PANGGANG PAPRIKA 40 GR,DINGIN SOSRO FRUITY 318ML','42.86','20'),('POP MIE AYAM BAWANG CUP 57 GR_PAB; POP MIE AYAM BAWANG CUP 57 GR_PAB','71.43','23.81'),('POP MIE AYAM BAWANG CUP 57 GR_PAB,POP MIE AYAM BAWANG CUP 57 GR_PAB','71.43','31.25'),('LAYS AYAM PANGGANG PAPRIKA 40 GR,POP MIE AYAM BAWANG CUP 57 GR_PAB','14.29','6.67'),('DINGIN SOSRO FRUITY 318ML; POP MIE AYAM BAWANG CUP 57 GR_PAB','42.86','25'),('POP MIE AYAM BAWANG CUP 57 GR_PAB,DINGIN SOSRO FRUITY 318ML','42.86','18.75'),('DINGIN SOSRO FRUITY 318ML; LAYS AYAM PANGGANG PAPRIKA 40 GR','28.57','16.67'),('LAYS AYAM PANGGANG PAPRIKA 40 GR,DINGIN SOSRO FRUITY 318ML','28.57','13.33'),('POP MIE AYAM BAWANG CUP 57 GR_PAB; LAYS AYAM PANGGANG PAPRIKA 40 GR','57.14','25'),('LAYS AYAM PANGGANG PAPRIKA 40 GR,POP MIE AYAM BAWANG CUP 57 GR_PAB','57.14','26.67'),('POP MIE AYAM BAWANG CUP 57 GR_PAB,CAMILAN KACANG TELOR SYEBRINA,POP MIE AYAM BAWANG CUP 57 GR_PAB','28.57','100'),('POP MIE AYAM BAWANG CUP 57 GR_PAB,POP MIE AYAM BAWANG CUP 57 GR_PAB,CAMILAN KACANG TELOR SYEBRINA','28.57','22.22'),('CAMILAN KACANG TELOR SYEBRINA,POP MIE AYAM BAWANG CUP 57 GR_PAB,POP MIE AYAM BAWANG CUP 57 GR_PAB','28.57','100'),('POP MIE AYAM BAWANG CUP 57 GR_PAB,DINGIN SOSRO FRUITY 318ML,POP MIE AYAM BAWANG CUP 57 GR_PAB','14.29','50'),('POP MIE AYAM BAWANG CUP 57 GR_PAB,POP MIE AYAM BAWANG CUP 57 GR_PAB,DINGIN SOSRO FRUITY 318ML','14.29','11.11'),('DINGIN SOSRO FRUITY 318ML,POP MIE AYAM BAWANG CUP 57 GR_PAB,POP MIE AYAM BAWANG CUP 57 GR_PAB','14.29','100'),('POP MIE AYAM BAWANG CUP 57 GR_PAB,DINGIN SOSRO FRUITY 318ML,DINGIN SOSRO FRUITY 318ML','14.29','50'),('POP MIE AYAM BAWANG CUP 57 GR_PAB,DINGIN SOSRO FRUITY 318ML,DINGIN SOSRO FRUITY 318ML','14.29','100'),('DINGIN SOSRO FRUITY 318ML,DINGIN SOSRO FRUITY 318ML,POP MIE AYAM BAWANG CUP 57 GR_PAB','14.29','16.67'),('POP MIE AYAM BAWANG CUP 57 GR_PAB,DINGIN SOSRO FRUITY 318ML,POP MIE AYAM BAWANG CUP 57 GR_PAB','14.29','50'),('POP MIE AYAM BAWANG CUP 57 GR_PAB,POP MIE AYAM BAWANG CUP 57 GR_PAB,DINGIN SOSRO FRUITY 318ML','14.29','20'),('DINGIN SOSRO FRUITY 318ML,POP MIE AYAM BAWANG CUP 57 GR_PAB,POP MIE AYAM BAWANG CUP 57 GR_PAB','14.29','50'),('POP MIE AYAM BAWANG CUP 57 GR_PAB,DINGIN SOSRO FRUITY 318ML,LAYS AYAM PANGGANG PAPRIKA 40 GR','14.29','50'),('POP MIE AYAM BAWANG CUP 57 GR_PAB,LAYS AYAM PANGGANG PAPRIKA 40 GR,DINGIN SOSRO FRUITY 318ML','14.29','100'),('DINGIN SOSRO FRUITY 318ML,LAYS AYAM PANGGANG PAPRIKA 40 GR,POP MIE AYAM BAWANG CUP 57 GR_PAB','14.29','33.33'),('POP MIE AYAM BAWANG CUP 57 GR_PAB,POP MIE AYAM BAWANG CUP 57 GR_PAB,POP MIE AYAM BAWANG CUP 57 GR_PAB','71.43','55.56'),('POP MIE AYAM BAWANG CUP 57 GR_PAB,POP MIE AYAM BAWANG CUP 57 GR_PAB,POP MIE AYAM BAWANG CUP 57 GR_PAB','71.43','100'),('POP MIE AYAM BAWANG CUP 57 GR_PAB,POP MIE AYAM BAWANG CUP 57 GR_PAB,POP MIE AYAM BAWANG CUP 57 GR_PAB','71.43','100'),('POP MIE AYAM BAWANG CUP 57 GR_PAB,POP MIE AYAM BAWANG CUP 57 GR_PAB,LAYS AYAM PANGGANG PAPRIKA 40 GR','14.29','11.11'),('POP MIE AYAM BAWANG CUP 57 GR_PAB,LAYS AYAM PANGGANG PAPRIKA 40 GR,POP MIE AYAM BAWANG CUP 57 GR_PAB','14.29','100'),('POP MIE AYAM BAWANG CUP 57 GR_PAB,LAYS AYAM PANGGANG PAPRIKA 40 GR,POP MIE AYAM BAWANG CUP 57 GR_PAB','14.29','100'),('POP MIE AYAM BAWANG CUP 57 GR_PAB,POP MIE AYAM BAWANG CUP 57 GR_PAB,LAYS AYAM PANGGANG PAPRIKA 40 GR','14.29','20'),('POP MIE AYAM BAWANG CUP 57 GR_PAB,LAYS AYAM PANGGANG PAPRIKA 40 GR,POP MIE AYAM BAWANG CUP 57 GR_PAB','14.29','100'),('POP MIE AYAM BAWANG CUP 57 GR_PAB,LAYS AYAM PANGGANG PAPRIKA 40 GR,POP MIE AYAM BAWANG CUP 57 GR_PAB','14.29','25'),('CAMILAN KACANG TELOR SYEBRINA,DINGIN SOSRO FRUITY 318ML,POP MIE AYAM BAWANG CUP 57 GR_PAB','28.57','100'),('CAMILAN KACANG TELOR SYEBRINA,POP MIE AYAM BAWANG CUP 57 GR_PAB,DINGIN SOSRO FRUITY 318ML','28.57','100'),('DINGIN SOSRO FRUITY 318ML,POP MIE AYAM BAWANG CUP 57 GR_PAB,CAMILAN KACANG TELOR SYEBRINA','28.57','66.67'),('CAMILAN KACANG TELOR SYEBRINA,DINGIN SOSRO FRUITY 318ML,LAYS AYAM PANGGANG PAPRIKA 40 GR','14.29','50'),('CAMILAN KACANG TELOR SYEBRINA,LAYS AYAM PANGGANG PAPRIKA 40 GR,DINGIN SOSRO FRUITY 318ML','14.29','100'),('DINGIN SOSRO FRUITY 318ML,LAYS AYAM PANGGANG PAPRIKA 40 GR,CAMILAN KACANG TELOR SYEBRINA','14.29','50'),('CAMILAN KACANG TELOR SYEBRINA,POP MIE AYAM BAWANG CUP 57 GR_PAB,LAYS AYAM PANGGANG PAPRIKA 40 GR','14.29','50'),('CAMILAN KACANG TELOR SYEBRINA,LAYS AYAM PANGGANG PAPRIKA 40 GR,POP MIE AYAM BAWANG CUP 57 GR_PAB','14.29','100'),('POP MIE AYAM BAWANG CUP 57 GR_PAB,LAYS AYAM PANGGANG PAPRIKA 40 GR,CAMILAN KACANG TELOR SYEBRINA','14.29','25'),('DINGIN SOSRO FRUITY 318ML,POP MIE AYAM BAWANG CUP 57 GR_PAB,POP MIE AYAM BAWANG CUP 57 GR_PAB','14.29','100'),('DINGIN SOSRO FRUITY 318ML,POP MIE AYAM BAWANG CUP 57 GR_PAB,POP MIE AYAM BAWANG CUP 57 GR_PAB','14.29','50'),('POP MIE AYAM BAWANG CUP 57 GR_PAB,POP MIE AYAM BAWANG CUP 57 GR_PAB,DINGIN SOSRO FRUITY 318ML','14.29','20'),('DINGIN SOSRO FRUITY 318ML,POP MIE AYAM BAWANG CUP 57 GR_PAB,LAYS AYAM PANGGANG PAPRIKA 40 GR','14.29','100'),('DINGIN SOSRO FRUITY 318ML,LAYS AYAM PANGGANG PAPRIKA 40 GR,POP MIE AYAM BAWANG CUP 57 GR_PAB','14.29','33.33'),('POP MIE AYAM BAWANG CUP 57 GR_PAB,LAYS AYAM PANGGANG PAPRIKA 40 GR,DINGIN SOSRO FRUITY 318ML','14.29','100'),('DINGIN SOSRO FRUITY 318ML,DINGIN SOSRO FRUITY 318ML,POP MIE AYAM BAWANG CUP 57 GR_PAB','14.29','16.67'),('DINGIN SOSRO FRUITY 318ML,POP MIE AYAM BAWANG CUP 57 GR_PAB,DINGIN SOSRO FRUITY 318ML','14.29','50'),('DINGIN SOSRO FRUITY 318ML,POP MIE AYAM BAWANG CUP 57 GR_PAB,DINGIN SOSRO FRUITY 318ML','14.29','33.33'),('DINGIN SOSRO FRUITY 318ML,DINGIN SOSRO FRUITY 318ML,LAYS AYAM PANGGANG PAPRIKA 40 GR','14.29','16.67'),('DINGIN SOSRO FRUITY 318ML,LAYS AYAM PANGGANG PAPRIKA 40 GR,DINGIN SOSRO FRUITY 318ML','14.29','33.33'),('DINGIN SOSRO FRUITY 318ML,LAYS AYAM PANGGANG PAPRIKA 40 GR,DINGIN SOSRO FRUITY 318ML','14.29','50'),('DINGIN SOSRO FRUITY 318ML,POP MIE AYAM BAWANG CUP 57 GR_PAB,LAYS AYAM PANGGANG PAPRIKA 40 GR','28.57','100'),('DINGIN SOSRO FRUITY 318ML,LAYS AYAM PANGGANG PAPRIKA 40 GR,POP MIE AYAM BAWANG CUP 57 GR_PAB','28.57','66.67'),('POP MIE AYAM BAWANG CUP 57 GR_PAB,LAYS AYAM PANGGANG PAPRIKA 40 GR,DINGIN SOSRO FRUITY 318ML','28.57','50'),('POP MIE AYAM BAWANG CUP 57 GR_PAB,POP MIE AYAM BAWANG CUP 57 GR_PAB,LAYS AYAM PANGGANG PAPRIKA 40 GR','14.29','20'),('POP MIE AYAM BAWANG CUP 57 GR_PAB,LAYS AYAM PANGGANG PAPRIKA 40 GR,POP MIE AYAM BAWANG CUP 57 GR_PAB','14.29','100'),('POP MIE AYAM BAWANG CUP 57 GR_PAB,LAYS AYAM PANGGANG PAPRIKA 40 GR,POP MIE AYAM BAWANG CUP 57 GR_PAB','14.29','25'),('DINGIN SOSRO FRUITY 318ML,POP MIE AYAM BAWANG CUP 57 GR_PAB,LAYS AYAM PANGGANG PAPRIKA 40 GR','28.57','66.67'),('DINGIN SOSRO FRUITY 318ML,LAYS AYAM PANGGANG PAPRIKA 40 GR,POP MIE AYAM BAWANG CUP 57 GR_PAB','28.57','100'),('POP MIE AYAM BAWANG CUP 57 GR_PAB,LAYS AYAM PANGGANG PAPRIKA 40 GR,DINGIN SOSRO FRUITY 318ML','28.57','50');

/*Table structure for table `tbl_temp_excel` */

DROP TABLE IF EXISTS `tbl_temp_excel`;

CREATE TABLE `tbl_temp_excel` (
  `NO_NOTA` varchar(18) NOT NULL,
  `KODE_ITEM` varchar(15) DEFAULT NULL,
  `NAMA_ITEM` varchar(50) DEFAULT NULL,
  `BNY` varchar(11) DEFAULT NULL
) ENGINE=InnoDB DEFAULT CHARSET=latin1;

/*Data for the table `tbl_temp_excel` */

/*Table structure for table `tblogin` */

DROP TABLE IF EXISTS `tblogin`;

CREATE TABLE `tblogin` (
  `username` varchar(20) COLLATE utf8_bin NOT NULL,
  `password` varchar(20) COLLATE utf8_bin NOT NULL
) ENGINE=InnoDB DEFAULT CHARSET=utf8 COLLATE=utf8_bin;

/*Data for the table `tblogin` */

insert  into `tblogin`(`username`,`password`) values ('admin','123');

/*Table structure for table `v_jmlh2` */

DROP TABLE IF EXISTS `v_jmlh2`;

/*!50001 DROP VIEW IF EXISTS `v_jmlh2` */;
/*!50001 DROP TABLE IF EXISTS `v_jmlh2` */;

/*!50001 CREATE TABLE  `v_jmlh2`(
 `jumlah` varchar(20) 
)*/;

/*Table structure for table `v_jumlah` */

DROP TABLE IF EXISTS `v_jumlah`;

/*!50001 DROP VIEW IF EXISTS `v_jumlah` */;
/*!50001 DROP TABLE IF EXISTS `v_jumlah` */;

/*!50001 CREATE TABLE  `v_jumlah`(
 `jumlah` varchar(18) 
)*/;

/*Table structure for table `v_sort` */

DROP TABLE IF EXISTS `v_sort`;

/*!50001 DROP VIEW IF EXISTS `v_sort` */;
/*!50001 DROP TABLE IF EXISTS `v_sort` */;

/*!50001 CREATE TABLE  `v_sort`(
 `jumlah` bigint(21) ,
 `NO_NOTA` varchar(18) 
)*/;

/*View structure for view v_jmlh2 */

/*!50001 DROP TABLE IF EXISTS `v_jmlh2` */;
/*!50001 DROP VIEW IF EXISTS `v_jmlh2` */;

/*!50001 CREATE ALGORITHM=UNDEFINED DEFINER=`root`@`localhost` SQL SECURITY DEFINER VIEW `v_jmlh2` AS (select `tbl_analisis`.`waktu` AS `jumlah` from `tbl_analisis` group by `tbl_analisis`.`waktu` having (`tbl_analisis`.`waktu` > 1)) */;

/*View structure for view v_jumlah */

/*!50001 DROP TABLE IF EXISTS `v_jumlah` */;
/*!50001 DROP VIEW IF EXISTS `v_jumlah` */;

/*!50001 CREATE ALGORITHM=UNDEFINED DEFINER=`root`@`localhost` SQL SECURITY DEFINER VIEW `v_jumlah` AS (select `penjualan_det`.`NO_NOTA` AS `jumlah` from `penjualan_det` group by `penjualan_det`.`NO_NOTA` having (`penjualan_det`.`NO_NOTA` > 1)) */;

/*View structure for view v_sort */

/*!50001 DROP TABLE IF EXISTS `v_sort` */;
/*!50001 DROP VIEW IF EXISTS `v_sort` */;

/*!50001 CREATE ALGORITHM=UNDEFINED DEFINER=`root`@`localhost` SQL SECURITY DEFINER VIEW `v_sort` AS (select count(`penjualan_det`.`NO_NOTA`) AS `jumlah`,`penjualan_det`.`NO_NOTA` AS `NO_NOTA` from `penjualan_det` group by `penjualan_det`.`NO_NOTA`) */;

/*!40101 SET SQL_MODE=@OLD_SQL_MODE */;
/*!40014 SET FOREIGN_KEY_CHECKS=@OLD_FOREIGN_KEY_CHECKS */;
/*!40014 SET UNIQUE_CHECKS=@OLD_UNIQUE_CHECKS */;
/*!40111 SET SQL_NOTES=@OLD_SQL_NOTES */;
